timestamp,open,high,low,close,volume
03-01-2022,2948.220884,2978.891127,2941.706922,2964.86792,266680
04-01-2022,2971.11054,3000.061678,2959.032399,2975.769775,244503
05-01-2022,2975.769945,3044.393281,2968.39654,3038.557861,312215
06-01-2022,3026.11735,3102.294978,3015.441575,3092.523926,410181
07-01-2022,3109.985239,3109.985239,3055.249499,3069.272705,263996
10-01-2022,3089.448044,3122.425152,3080.084073,3107.813965,318473
11-01-2022,3087.819955,3117.630537,3087.819955,3109.307129,225782
12-01-2022,3117.765984,3123.103762,3088.950469,3112.337646,198452
13-01-2022,3117.585043,3143.27931,3103.200035,3122.199219,291271
14-01-2022,3122.199069,3132.331922,3098.676271,3105.733154,127752
17-01-2022,3121.294582,3190.958258,3106.864294,3157.257324,646271
18-01-2022,3156.533351,3163.997316,3069.36342,3076.917725,656590
19-01-2022,3076.917884,3132.422733,3060.72343,3109.352295,694189
20-01-2022,3075.062887,3119.484874,2981.062256,2993.502197,874508
21-01-2022,2993.502385,3142.962589,2958.444367,3093.971924,1609260
24-01-2022,3095.057414,3125.094174,3030.82208,3060.044678,788137
25-01-2022,3038.964851,3157.483575,3011.596977,3138.574951,571406
27-01-2022,3116.770829,3199.824447,3070.810855,3167.525879,664333
28-01-2022,3171.054198,3222.894872,3153.050298,3163.997314,575466
31-01-2022,3184.624958,3244.019935,3154.769099,3225.020752,470500
01-02-2022,3236.194498,3250.082086,3176.980416,3197.698486,487464
02-02-2022,3202.719416,3243.431951,3185.93676,3198.195801,212256
03-02-2022,3211.766875,3303.098624,3185.529906,3276.092773,760774
04-02-2022,3276.092853,3276.092853,3211.766953,3225.654541,296588
07-02-2022,3229.861351,3229.861351,3137.579598,3144.817383,286849
08-02-2022,3144.907956,3178.246868,3117.585142,3129.120361,397493
09-02-2022,3123.103978,3229.861298,3123.103978,3224.025879,352729
10-02-2022,3223.845099,3240.311015,3207.831324,3229.273438,239918
11-02-2022,3193.672311,3234.384848,3173.768405,3226.830322,339577
14-02-2022,3134.865555,3200.910342,3131.563404,3155.628906,282645
15-02-2022,3157.483451,3257.90771,3142.781701,3247.231934,357052
16-02-2022,3256.098606,3293.192255,3230.856918,3245.151367,244587
17-02-2022,3248.046341,3311.286394,3248.046341,3254.560303,513917
18-02-2022,3254.289158,3295.454061,3224.071493,3286.090088,277299
21-02-2022,3278.852096,3291.337319,3227.464002,3238.456299,344326
22-02-2022,3184.625125,3270.573814,3180.10151,3257.63623,432562
23-02-2022,3270.664337,3293.101292,3229.86124,3239.179932,209392
24-02-2022,3153.412178,3220.180783,3107.723665,3147.440918,628362
25-02-2022,3157.573873,3220.813923,3157.573873,3174.130127,327777
28-02-2022,3164.449674,3221.718686,3119.530265,3193.989014,387040
02-03-2022,3164.992662,3164.992662,3015.441899,3050.997559,982580
03-03-2022,3075.153843,3080.401281,2966.58707,2982.962646,536758
04-03-2022,2941.254583,2972.874609,2850.78228,2933.202637,509620
07-03-2022,2881.54299,2966.586959,2827.259606,2926.462402,335205
08-03-2022,2921.350934,3034.848405,2873.129148,3001.057129,557492
09-03-2022,3003.680623,3039.869546,2979.2531,3020.870361,508262
10-03-2022,3075.153681,3112.247326,3062.849359,3096.279053,350154
11-03-2022,3076.058071,3117.222966,3063.799031,3096.866699,156038
14-03-2022,3077.868009,3134.820285,3047.107424,3123.601807,245299
15-03-2022,3113.15206,3161.102382,3099.897956,3124.95874,229544
16-03-2022,3157.528756,3249.946128,3149.340968,3229.68042,262987
17-03-2022,3238.908784,3315.67463,3234.973151,3302.646484,429272
21-03-2022,3302.646096,3363.76018,3239.134585,3247.096191,432309
22-03-2022,3238.908432,3313.09572,3224.885225,3308.074463,213667
23-03-2022,3315.764742,3332.411778,3247.955792,3258.360107,281347
24-03-2022,3248.227127,3291.291811,3229.589745,3242.436768,385957
25-03-2022,3249.765234,3310.517299,3249.765234,3306.174805,492945
28-03-2022,3306.174673,3380.949943,3297.760705,3336.392334,688267
29-03-2022,3345.48506,3379.140715,3312.055587,3337.614014,376929
30-03-2022,3374.300156,3374.300156,3316.036082,3324.042969,343930
31-03-2022,3329.380892,3361.181819,3289.663638,3304.953369,511249
01-04-2022,3289.573329,3389.092874,3289.573329,3383.573975,391985
04-04-2022,3392.711167,3412.615072,3362.312386,3405.060547,419517
05-04-2022,3406.282312,3455.9968,3406.282312,3446.723389,339228
06-04-2022,3438.852593,3446.995101,3385.112128,3439.576416,240470
07-04-2022,3439.621353,3455.680187,3411.75584,3439.983154,224527
08-04-2022,3449.075933,3470.517827,3408.091933,3447.311768,229962
11-04-2022,3456.042264,3460.565879,3409.132282,3426.322021,135225
12-04-2022,3409.448769,3416.867453,3325.807168,3358.377197,266145
13-04-2022,3358.37738,3390.44977,3319.519568,3345.032715,198206
18-04-2022,3338.428051,3400.175399,3297.941694,3360.684326,373718
19-04-2022,3383.663906,3414.967409,3273.604445,3308.70752,211918
20-04-2022,3316.714704,3379.095314,3304.320042,3366.248291,174080
21-04-2022,3351.998746,3383.21169,3329.471231,3349.601318,216475
22-04-2022,3320.333742,3342.725639,3277.676137,3295.453857,228316
25-04-2022,3258.812277,3369.867026,3257.002831,3332.049561,444222
26-04-2022,3351.953652,3532.943544,3351.953652,3521.272705,1107122
27-04-2022,3501.278448,3545.60988,3479.565093,3533.531738,541564
28-04-2022,3618.892298,3618.892298,3442.471298,3469.070068,1628318
29-04-2022,3442.471023,3474.136328,3357.743802,3374.209717,594650
02-05-2022,3365.569806,3365.569806,3262.431377,3278.21875,376660
04-05-2022,3279.62119,3332.095129,3153.321759,3163.726074,575428
05-05-2022,3201.633826,3252.479215,3175.93956,3188.15332,323081
06-05-2022,3155.945409,3216.290391,3130.341703,3166.304443,436366
09-05-2022,3157.483527,3243.160758,3148.436296,3228.730469,502719
10-05-2022,3225.292283,3299.25339,3202.719488,3250.715088,507087
11-05-2022,3257.003126,3282.290092,3200.277033,3268.628906,437746
12-05-2022,3243.432129,3305.858019,3201.995769,3243.432129,777332
13-05-2022,3273.333407,3380.04545,3273.333407,3295.092041,633218
16-05-2022,3302.239085,3370.093313,3302.239085,3361.815186,401803
17-05-2022,3370.183948,3426.186217,3370.183948,3386.287842,402398
18-05-2022,3386.378235,3464.636775,3380.226074,3429.98584,507061
19-05-2022,3340.147033,3418.043778,3329.426197,3346.163574,261026
20-05-2022,3401.75881,3482.279165,3379.140733,3426.910156,396832
23-05-2022,3470.517523,3505.34936,3410.805804,3425.416992,339483
24-05-2022,3453.689545,3475.94582,3411.755766,3422.838623,369304
25-05-2022,3451.111257,3455.137231,3385.699739,3430.528809,225253
26-05-2022,3438.942825,3501.278154,3396.375562,3489.833496,419826
27-05-2022,3505.801966,3519.372813,3458.801646,3467.848877,422591
30-05-2022,3492.230992,3531.269703,3476.89598,3489.245361,271827
31-05-2022,3506.706546,3580.893836,3473.231793,3495.94043,1154256
01-06-2022,3507.792263,3532.038886,3354.079901,3365.6604,784215
02-06-2022,3365.660144,3392.620713,3317.031282,3337.251709,346754
03-06-2022,3364.664842,3378.145127,3302.238955,3322.776123,409815
06-06-2022,3311.286362,3501.052022,3302.691493,3453.327881,1136609
07-06-2022,3406.282375,3486.485988,3406.282375,3468.798828,561644
08-06-2022,3468.255725,3483.183655,3409.041647,3432.654785,346603
09-06-2022,3432.655144,3523.896559,3419.310478,3509.104248,627869
10-06-2022,3579.355667,3592.655051,3483.183567,3511.22998,1412838
13-06-2022,3460.565868,3523.941766,3432.926533,3511.456543,519745
14-06-2022,3514.849072,3542.669306,3259.67189,3330.964111,1733394
15-06-2022,3347.475477,3386.061829,3297.715707,3345.756592,753821
16-06-2022,3380.769282,3380.769282,3286.858981,3309.657959,438590
17-06-2022,3320.333751,3360.096287,3271.116903,3283.194824,727356
20-06-2022,3275.323703,3292.10636,3234.204084,3271.43335,268242
21-06-2022,3285.049104,3324.856915,3271.52354,3297.941406,424763
22-06-2022,3297.715597,3366.926912,3269.804802,3289.256348,585483
23-06-2022,3329.471343,3434.328655,3316.036117,3424.195801,1186420
24-06-2022,3438.671317,3475.357879,3421.617199,3450.025635,558798
27-06-2022,3501.278258,3581.300968,3453.327935,3493.31665,1819576
28-06-2022,3474.091066,3534.933688,3422.612415,3518.467773,799053
29-06-2022,3510.325526,3528.419987,3488.657452,3499.061768,524392
30-06-2022,3520.13536,3537.360648,3465.6906,3479.395752,715926
01-07-2022,3443.114993,3453.206049,3380.362847,3402.422363,756589
04-07-2022,3421.008173,3468.647337,3386.839485,3454.191406,536505
05-07-2022,3473.200436,3473.200436,3438.468432,3457.007813,294980
06-07-2022,3456.303768,3545.762192,3449.873562,3541.772705,333226
07-07-2022,3554.210416,3600.95786,3552.990056,3562.846436,534547
08-07-2022,3595.2316,3595.2316,3560.217941,3590.538086,326804
11-07-2022,3585.844764,3621.515471,3562.377194,3612.644775,372417
12-07-2022,3616.821776,3626.208804,3597.155999,3611.987549,244636
13-07-2022,3621.515247,3641.181024,3612.12822,3624.09668,308508
14-07-2022,3622.360261,3647.752218,3605.557572,3626.396729,377688
15-07-2022,3626.208879,3678.776235,3624.331474,3673.472656,281730
18-07-2022,3689.101936,3745.424103,3684.502384,3739.838867,513318
19-07-2022,3733.267888,3788.604371,3722.895177,3756.688477,512451
20-07-2022,3771.708105,3806.440111,3753.87275,3756.73584,377717
21-07-2022,3759.176093,3821.083727,3748.662668,3808.364258,371547
22-07-2022,3815.827083,3840.233357,3797.287702,3805.970703,280291
25-07-2022,3805.970626,3824.22835,3753.215573,3774.664795,372987
26-07-2022,3767.953162,3782.972408,3676.898988,3684.971924,882407
27-07-2022,3691.918157,3717.263133,3609.453024,3645.781006,514997
28-07-2022,3645.921842,3673.801271,3611.189837,3621.750244,423758
29-07-2022,3660.002215,3709.988139,3640.289456,3674.505127,412805
01-08-2022,3679.668159,3743.781609,3675.021625,3729.748047,459482
02-08-2022,3729.747695,3759.504527,3699.756188,3751.243896,398168
03-08-2022,3753.872623,3764.198354,3720.126302,3758.049805,312355
04-08-2022,3765.136899,3787.665766,3732.282301,3765.793945,310996
05-08-2022,3778.278626,3790.716437,3748.287118,3767.108154,287542
08-08-2022,3767.014363,3792.265377,3754.811227,3776.072754,238574
10-08-2022,3767.953101,3816.765648,3767.953101,3787.525146,218912
11-08-2022,3801.840371,3809.490707,3775.791368,3786.257813,277432
12-08-2022,3786.257771,3811.133395,3767.718391,3790.481934,217139
16-08-2022,3790.481818,3848.681391,3790.481818,3840.373779,302627
17-08-2022,3844.081972,3867.87818,3811.133412,3818.549072,313179
18-08-2022,3828.968696,3828.968696,3792.828639,3811.743408,451908
19-08-2022,3803.62371,3837.839381,3801.746305,3824.791504,223883
22-08-2022,3782.972527,3823.71214,3763.072073,3793.861572,388178
23-08-2022,3778.278767,3823.195788,3769.877423,3815.310547,172256
24-08-2022,3802.168807,3833.615351,3802.168807,3816.531006,245586
25-08-2022,3823.336597,3844.598124,3802.779097,3813.902588,374693
26-08-2022,3825.214079,3871.539156,3793.720553,3805.876709,453561
29-08-2022,3778.231811,3801.746362,3741.200031,3783.019287,608621
30-08-2022,3801.980997,3875.85709,3765.653244,3834.460205,740581
01-09-2022,3764.198044,3878.485104,3764.198044,3826.434082,510034
02-09-2022,3829.907292,3851.309532,3778.654029,3783.816895,556543
05-09-2022,3801.746158,3807.237661,3702.525323,3714.118164,799837
06-09-2022,3719.140622,3745.424302,3679.245752,3688.538818,508096
07-09-2022,3675.021495,3696.142308,3577.584097,3609.922363,724097
08-09-2022,3627.992287,3642.119809,3604.618679,3610.814209,493973
09-09-2022,3628.884274,3642.166826,3599.925201,3612.69165,485613
12-09-2022,3604.619025,3651.366474,3590.538482,3633.061768,369281
13-09-2022,3628.086087,3651.553655,3618.699059,3629.494141,507487
14-09-2022,3581.150963,3678.729067,3577.959465,3614.240234,576311
15-09-2022,3628.0864,3646.485067,3521.402916,3537.032227,351737
16-09-2022,3567.070545,3567.070545,3450.765363,3463.390869,579176
19-09-2022,3473.200526,3503.098303,3436.685077,3480.944824,454942
20-09-2022,3498.357636,3574.486296,3496.667925,3537.595459,268923
21-09-2022,3542.523701,3574.063978,3495.729274,3501.924805,197924
22-09-2022,3491.97425,3529.522361,3473.200195,3500.328613,149651
23-09-2022,3501.36172,3538.909835,3457.242685,3472.167969,158122
26-09-2022,3444.006517,3460.762453,3347.414093,3355.393066,517637
27-09-2022,3369.943202,3374.589736,3294.940937,3324.791504,344198
28-09-2022,3308.927589,3354.830067,3290.153531,3328.546387,181128
29-09-2022,3344.597986,3345.395975,3252.652095,3263.587891,350931
30-09-2022,3272.787299,3336.102756,3249.085053,3311.508789,276996
03-10-2022,3311.508719,3341.687922,3261.992148,3299.868896,442640
04-10-2022,3332.864321,3379.236148,3322.256933,3360.180664,317554
06-10-2022,3376.983256,3395.428674,3351.168929,3374.307861,353529
07-10-2022,3360.602839,3444.006441,3360.555858,3382.662354,591544
10-10-2022,3339.294419,3402.703608,3312.729084,3395.240967,240975
11-10-2022,3412.231663,3412.231663,3303.858471,3312.44751,258827
12-10-2022,3329.015587,3429.081399,3300.338399,3402.328369,496229
13-10-2022,3395.147352,3425.138861,3369.94309,3383.835938,336605
14-10-2022,3435.605099,3438.468188,3334.412896,3351.638184,499983
17-10-2022,3360.555812,3449.544877,3358.678406,3406.552246,921084
18-10-2022,3423.589612,3440.204833,3381.301236,3389.937256,496519
19-10-2022,3406.92772,3489.111193,3401.624141,3431.756592,456361
20-10-2022,3406.881123,3476.861234,3366.188265,3465.550049,310251
21-10-2022,3472.261817,3492.303214,3418.521079,3443.725342,207556
24-10-2022,3487.280932,3491.974446,3454.426334,3473.012695,29986
25-10-2022,3472.261678,3498.545357,3420.633024,3430.114014,351456
27-10-2022,3464.37663,3464.37663,3385.102996,3400.263184,333703
28-10-2022,3417.300772,3491.035927,3408.430076,3445.696533,500485
31-10-2022,3462.968502,3479.161125,3434.807419,3446.775879,314769
01-11-2022,3460.574952,3514.691079,3438.468455,3503.895996,514106
02-11-2022,3516.380404,3516.380404,3467.192473,3507.744385,317571
03-11-2022,3523.890363,3580.212532,3502.34718,3542.195068,637882
04-11-2022,3547.780414,3576.36387,3532.244836,3539.942383,230932
07-11-2022,3557.683568,3584.577312,3528.114431,3538.768799,272013
09-11-2022,3557.683436,3561.438247,3489.956124,3510.325928,249436
10-11-2022,3510.326286,3538.909742,3489.158491,3496.292725,291055
11-11-2022,3513.799128,3552.004285,3481.179207,3499.155273,268871
14-11-2022,3516.662402,3537.032208,3483.009815,3497.606689,200313
15-11-2022,3497.65353,3556.744824,3497.65353,3533.417969,296104
16-11-2022,3526.706357,3565.662522,3510.419772,3517.741699,329588
17-11-2022,3519.196679,3536.421966,3452.924172,3467.70874,185433
18-11-2022,3467.709067,3479.630777,3399.043045,3410.260498,327528
21-11-2022,3393.410603,3422.322695,3385.337667,3397.634766,226673
22-11-2022,3413.123262,3419.694182,3365.249421,3397.259277,322261
23-11-2022,3400.169222,3430.160731,3374.636552,3386.698975,340707
24-11-2022,3395.475746,3407.16255,3377.875068,3398.244873,397640
25-11-2022,3409.602927,3428.799352,3380.268467,3417.112549,224797
28-11-2022,3407.678691,3482.587217,3407.678691,3451.328369,185431
29-11-2022,3454.75507,3470.384381,3428.142753,3435.746338,134922
30-11-2022,3449.685745,3541.631636,3445.977915,3520.79248,1267676
01-12-2022,3514.550389,3514.550389,3374.026621,3480.334717,514227
02-12-2022,3479.771334,3484.793486,3417.629253,3435.042236,349992
05-12-2022,3446.9165,3446.9165,3415.000607,3435.558105,163476
06-12-2022,3428.142808,3473.01285,3418.849742,3468.319336,251515
07-12-2022,3468.318818,3481.225981,3407.068467,3411.855713,167024
08-12-2022,3412.231969,3434.291486,3396.227039,3413.264404,141912
09-12-2022,3426.265139,3444.382149,3380.268703,3395.240967,166035
12-12-2022,3395.241293,3402.422508,3354.50168,3376.279541,171844
13-12-2022,3393.175931,3418.755582,3371.163396,3413.827393,126272
14-12-2022,3426.265311,3443.114981,3417.816985,3428.189697,132320
15-12-2022,3412.184609,3431.897368,3388.71704,3397.447021,161541
16-12-2022,3392.237224,3405.519777,3322.06919,3332.019531,228381
19-12-2022,3348.681627,3413.452122,3332.395041,3407.256592,238078
20-12-2022,3411.246126,3411.246126,3361.870265,3392.09668,152284
21-12-2022,3393.410711,3432.976944,3372.38386,3389.702881,149348
22-12-2022,3406.693034,3424.293711,3362.010921,3380.12793,158182
23-12-2022,3360.556156,3379.330213,3316.437123,3324.697754,122024
26-12-2022,3324.885238,3355.674735,3308.035569,3334.459961,140091
27-12-2022,3337.088398,3379.330023,3332.394884,3370.834717,115917
28-12-2022,3360.556122,3383.976712,3332.395037,3366.986328,229748
29-12-2022,3359.617203,3379.329961,3323.007795,3350.04248,748244
30-12-2022,3360.556201,3419.788442,3348.963129,3394.396484,287867
02-01-2023,3395.287909,3398.104017,3304.656111,3354.876709,471328
03-01-2023,3344.128678,3398.104088,3344.128678,3380.925781,218996
04-01-2023,3368.065624,3381.723796,3326.29335,3335.070313,250071
05-01-2023,3349.29139,3409.837717,3340.233001,3399.18335,294998
06-01-2023,3396.226692,3424.387775,3377.452636,3418.990234,173591
09-01-2023,3436.121788,3444.100762,3384.962483,3398.80835,200031
10-01-2023,3408.054549,3413.123452,3344.879803,3355.111572,247609
11-01-2023,3365.249294,3369.895826,3314.606327,3321.177246,308958
12-01-2023,3321.177276,3360.55581,3304.280627,3351.450439,182941
13-01-2023,3360.556192,3396.086186,3337.229335,3384.30542,180876
16-01-2023,3388.669975,3398.995705,3341.781818,3363.512695,226147
17-01-2023,3369.943037,3391.251545,3349.43229,3385.854004,106465
18-01-2023,3402.79755,3415.704714,3359.617223,3388.623047,306275
19-01-2023,3379.283017,3406.505398,3353.04632,3356.75415,226186
20-01-2023,3363.419173,3366.751614,3333.568378,3353.750488,191361
23-01-2023,3363.841431,3404.675002,3352.107646,3401.436523,173482
24-01-2023,3403.736313,3469.53947,3390.078142,3460.527832,212778
25-01-2023,3462.874866,3510.748712,3448.512666,3489.533936,375571
27-01-2023,3614.005765,3750.11767,3595.231709,3695.438232,2375899
30-01-2023,3698.489108,3706.890452,3584.765353,3605.698242,654472
31-01-2023,3640.289396,3640.289396,3568.009281,3584.201904,359118
01-02-2023,3594.715342,3648.17442,3529.616442,3577.677979,328212
02-02-2023,3566.131855,3622.547984,3510.748391,3558.340576,309024
03-02-2023,3552.989996,3621.515298,3538.158446,3616.399414,242350
06-02-2023,3610.767395,3632.498273,3570.919506,3613.161133,205412
07-02-2023,3635.596047,3656.24751,3584.155087,3641.650635,246673
08-02-2023,3659.861469,3659.861469,3600.394555,3642.448486,309039
09-02-2023,3642.072967,3652.023308,3597.343869,3610.016357,249061
10-02-2023,3609.312292,3613.020122,3567.164627,3596.780518,170034
13-02-2023,3614.803595,3672.76849,3589.599335,3645.452148,372862
14-02-2023,3656.200269,3667.464702,3625.786391,3638.505859,251160
15-02-2023,3629.588281,3672.111334,3614.005723,3666.009766,214072
16-02-2023,3670.327728,3689.993505,3653.431079,3667.13623,166844
17-02-2023,3651.554108,3679.715194,3634.657457,3655.590576,167844
20-02-2023,3656.200445,3693.748557,3654.698658,3664.508057,169828
21-02-2023,3686.286021,3686.286021,3590.256676,3601.896729,177954
22-02-2023,3601.896686,3651.78865,3581.104281,3605.275879,477992
23-02-2023,3611.658992,3635.361237,3581.338846,3597.015137,299446
24-02-2023,3598.564349,3637.379575,3598.564349,3613.958984,263732
27-02-2023,3567.023733,3567.023733,3403.783404,3416.737549,822866
28-02-2023,3423.449031,3513.564498,3403.360883,3436.778564,723245
01-03-2023,3445.039221,3518.586676,3413.968067,3502.910156,432887
02-03-2023,3502.347175,3527.035105,3454.426351,3487.515625,276614
03-03-2023,3492.021317,3518.258014,3470.806543,3503.23877,281411
06-03-2023,3493.570306,3542.66451,3490.237865,3494.837646,186747
08-03-2023,3495.541453,3583.779514,3483.572993,3577.583984,478922
09-03-2023,3577.584102,3603.44541,3568.009379,3579.743164,295897
10-03-2023,3595.231758,3609.68769,3565.193268,3587.628174,530973
13-03-2023,3588.613827,3602.74135,3537.313811,3546.841553,247745
14-03-2023,3546.841323,3561.860567,3506.899475,3522.857422,278919
15-03-2023,3543.509238,3555.336985,3492.490876,3501.361572,317890
16-03-2023,3511.64016,3577.396337,3511.64016,3567.258301,377544
17-03-2023,3583.779373,3593.307114,3559.607778,3580.587646,396793
20-03-2023,3557.683618,3599.878263,3553.084066,3571.76416,331370
21-03-2023,3573.172231,3681.592405,3564.019879,3666.291504,803886
22-03-2023,3681.357751,3703.651943,3650.239845,3683.422852,311063
23-03-2023,3663.287606,3672.580672,3616.868799,3626.161865,256313
24-03-2023,3609.40637,3644.889154,3578.335215,3593.260498,281359
27-03-2023,3599.87857,3608.655534,3567.070951,3574.158203,198811
28-03-2023,3586.783317,3598.798758,3538.487105,3559.185547,144400
29-03-2023,3576.926728,3655.308406,3567.211063,3641.509521,429300
31-03-2023,3638.083445,3668.309859,3623.392838,3646.625732,248433
03-04-2023,3665.446767,3750.117714,3649.864209,3748.944336,497915
05-04-2023,3749.178898,3780.109109,3717.309984,3776.541992,584697
06-04-2023,3781.094979,3815.826984,3773.632338,3786.351807,321813
10-04-2023,3787.712892,3822.397916,3783.066359,3812.635498,218632
11-04-2023,3829.907355,3927.109845,3821.036659,3921.336914,685931
12-04-2023,3921.336818,4043.321425,3914.859861,4023.280029,992142
13-04-2023,4008.260797,4042.007344,3998.920521,4025.486084,371608
17-04-2023,4046.747981,4046.747981,3962.311477,3993.570557,718984
18-04-2023,3993.47649,4004.600211,3919.131043,3951.234863,235015
19-04-2023,3927.626613,4033.512109,3923.824591,4004.318359,406755
20-04-2023,4003.567503,4065.052537,3991.411118,4049.892578,409146
21-04-2023,4058.012494,4071.154335,4020.511132,4044.213379,237639
24-04-2023,4044.213042,4088.003894,4020.182617,4066.554443,279716
25-04-2023,4073.970261,4106.82486,4051.535355,4076.36377,367525
26-04-2023,4078.663481,4095.231493,4018.586505,4035.483154,964051
27-04-2023,4036.421446,4151.459274,4030.78923,4137.989258,667011
28-04-2023,4127.804486,4167.558637,4120.951681,4160.283691,457064
02-05-2023,4167.793643,4230.26413,4152.867901,4222.285156,522701
03-05-2023,4209.612347,4214.728461,4163.146563,4175.208984,351550
04-05-2023,4174.223339,4196.001427,4165.258911,4184.455566,191019
05-05-2023,4189.524414,4228.198693,4156.012542,4189.524414,180033
08-05-2023,4200.694874,4278.607204,4191.495771,4270.393555,365732
09-05-2023,4292.547063,4296.442587,4242.607892,4251.244141,329083
10-05-2023,4275.791154,4295.973264,4251.71352,4276.683105,229527
11-05-2023,4312.400757,4312.400757,4257.111252,4269.126465,293197
12-05-2023,4266.403913,4345.114228,4240.120236,4260.677734,620213
15-05-2023,4288.93327,4326.012032,4263.635046,4284.755859,534604
16-05-2023,4302.544451,4313.339533,4252.323849,4260.162109,321308
17-05-2023,4271.097989,4318.033132,4232.611172,4251.713867,346510
18-05-2023,4261.664079,4292.171921,4236.60053,4241.669434,194233
19-05-2023,4256.078497,4271.238456,4190.416053,4208.392578,398571
22-05-2023,4219.4222,4286.726913,4219.4222,4245.987305,368479
23-05-2023,4256.970686,4274.289479,4215.808475,4222.379395,239196
24-05-2023,4229.371951,4273.1628,4216.699464,4240.683594,395343
25-05-2023,4229.466309,4366.282247,4228.480855,4359.335938,1016606
26-05-2023,4329.625949,4378.62596,4323.00782,4333.005371,484972
29-05-2023,4374.308341,4377.311915,4325.636508,4335.398926,301343
30-05-2023,4332.207287,4351.216018,4305.54822,4310.429199,229574
31-05-2023,4308.457815,4345.208396,4273.585099,4287.196289,719613
01-06-2023,4305.829296,4383.553697,4287.289918,4358.959961,698733
02-06-2023,4387.684448,4418.473714,4362.386227,4382.896973,606833
05-06-2023,4400.638215,4427.813841,4382.802864,4421.336426,234925
06-06-2023,4428.330296,4454.09787,4421.336777,4436.543945,353149
07-06-2023,4446.588612,4494.415247,4446.588612,4487.703613,239491
08-06-2023,4506.571713,4533.840848,4483.995634,4506.383789,295499
09-06-2023,4506.383311,4526.236783,4444.757567,4452.642578,208197
12-06-2023,4458.791521,4496.386385,4443.208963,4477.283691,137778
13-06-2023,4477.612419,4501.07999,4455.506151,4464.423828,247078
14-06-2023,4459.870749,4476.157333,4423.16738,4440.251953,191238
15-06-2023,4451.235019,4472.590509,4414.250218,4432.132324,178304
16-06-2023,4407.209621,4425.749001,4336.806911,4357.411621,658995
19-06-2023,4360.274014,4369.661041,4305.50062,4315.544922,193043
20-06-2023,4303.952307,4383.742044,4288.979814,4376.232422,453523
21-06-2023,4391.251852,4415.329488,4352.765036,4365.108887,274821
22-06-2023,4378.156941,4382.803703,4319.535221,4329.391602,180102
23-06-2023,4330.329882,4369.661437,4323.101687,4339.247559,348409
26-06-2023,4341.265702,4372.430818,4318.548911,4324.509766,298624
27-06-2023,4349.855095,4391.862048,4327.420188,4334.976563,444793
28-06-2023,4346.194228,4449.451543,4336.901162,4427.204102,769406
30-06-2023,4484.959225,4580.733808,4483.991805,4538.699219,587936
03-07-2023,4532.556009,4535.264596,4438.570786,4460.43457,457367
04-07-2023,4461.693074,4522.495046,4461.693074,4474.70459,286373
05-07-2023,4496.519932,4740.357951,4482.056814,4730.731934,891033
06-07-2023,4730.683723,4777.119882,4674.573364,4757.481445,888595
07-07-2023,4716.656231,4753.0795,4663.496313,4676.508301,405959
10-07-2023,4691.019602,4789.696442,4687.198104,4738.375,659388
11-07-2023,4777.603418,4793.033955,4745.194849,4757.432617,400593
12-07-2023,4768.413146,4786.310415,4708.433106,4719.510254,295827
13-07-2023,4760.673447,4827.425422,4691.841614,4707.900879,501038
14-07-2023,4735.472806,4746.452645,4691.987087,4701.274414,419873
17-07-2023,4724.831256,4746.549553,4664.028813,4675.686035,250127
18-07-2023,4687.681745,4832.359688,4672.638553,4702.241699,270028
19-07-2023,4721.97724,4749.210019,4661.22345,4666.495605,247325
20-07-2023,4670.703456,4729.716072,4626.250321,4710.077637,450566
21-07-2023,4684.344491,4720.429068,4677.717569,4704.273438,367833
24-07-2023,4703.595957,4758.738896,4693.099356,4723.669922,288534
25-07-2023,4725.362782,4749.935154,4621.703828,4690.971191,743269
26-07-2023,4730.683868,4743.744039,4683.232106,4711.770996,387130
27-07-2023,4739.390258,4748.097038,4667.1238,4692.954102,321326
28-07-2023,4696.824288,4740.358189,4672.300095,4733.102539,255158
31-07-2023,4736.00458,4777.506803,4707.513872,4770.734863,325463
01-08-2023,4780.747719,4816.445422,4739.535533,4763.527832,391794
02-08-2023,4753.321469,4777.071915,4664.173808,4674.67041,249850
03-08-2023,4679.410665,4753.563316,4649.420644,4669.059082,418377
04-08-2023,4672.638467,4705.724419,4546.87387,4558.48291,451353
07-08-2023,4589.004958,4589.004958,4513.014306,4517.948242,436583
08-08-2023,4517.948167,4544.93909,4486.023307,4498.647949,487053
09-08-2023,4498.986283,4537.005696,4465.707133,4514.513184,282034
10-08-2023,4517.851775,4555.000612,4477.993879,4485.540039,330123
11-08-2023,4485.539304,4498.502636,4432.331208,4449.212402,274197
14-08-2023,4426.913903,4482.734226,4393.054203,4466.288086,154258
16-08-2023,4427.881197,4464.643155,4411.193202,4450.712402,188763
17-08-2023,4426.961932,4516.351914,4426.961932,4506.097168,311184
18-08-2023,4498.067574,4498.067574,4445.585038,4465.175293,243546
21-08-2023,4453.034077,4479.106234,4443.166204,4460.628418,118491
22-08-2023,4467.497677,4485.491313,4451.728447,4477.606934,96290
23-08-2023,4488.828867,4514.320479,4468.513046,4508.902832,263771
24-08-2023,4536.232074,4573.090868,4425.414309,4479.299316,433867
25-08-2023,4473.35028,4495.504104,4420.867742,4434.70166,293384
28-08-2023,4437.071685,4469.480254,4436.587975,4450.567383,283469
29-08-2023,4464.643626,4518.81915,4455.017607,4512.579102,320941
30-08-2023,4536.184174,4566.996123,4509.725143,4522.688477,370694
31-08-2023,4522.688718,4549.824661,4452.260727,4463.482422,479472
01-09-2023,4471.802077,4545.906543,4468.512943,4516.352051,456071
04-09-2023,4530.428081,4536.619475,4471.802332,4486.071777,328037
05-09-2023,4487.86129,4580.733608,4484.330301,4548.421875,353620
06-09-2023,4548.325183,4556.548253,4514.659156,4531.20166,224928
07-09-2023,4526.55804,4571.059359,4503.339961,4563.513672,319934
08-09-2023,4563.514026,4628.718042,4549.486435,4604.483887,209769
11-09-2023,4623.299917,4653.289935,4607.821198,4649.807129,151600
12-09-2023,4686.134273,4691.841957,4607.434562,4663.544922,305478
13-09-2023,4662.964511,4685.215172,4643.857966,4651.645508,207142
14-09-2023,4658.078945,4699.726185,4631.57126,4686.666016,249498
15-09-2023,4735.424372,4981.245904,4733.586368,4963.348633,1689829
18-09-2023,4957.060061,5103.043644,4928.279316,5007.994629,804973
20-09-2023,5007.365598,5091.869824,4997.788235,5014.089355,622924
21-09-2023,4999.626602,5016.604634,4907.818537,4919.524414,640829
22-09-2023,4886.438542,4918.508421,4833.424113,4838.115723,498375
25-09-2023,4837.099931,4895.290148,4830.182972,4842.372559,539731
26-09-2023,4847.741863,4936.696325,4837.245261,4904.045898,450923
27-09-2023,4900.175857,4902.448916,4854.513445,4868.976563,257406
28-09-2023,4883.342774,4961.752454,4817.896902,4843.485352,580065
29-09-2023,4865.154948,4916.911916,4841.840033,4898.724609,248079
03-10-2023,4899.982211,4907.721571,4834.294489,4853.01416,464531
04-10-2023,4847.983418,4855.674596,4743.308387,4758.352051,256544
05-10-2023,4774.217453,4875.119164,4764.64009,4847.789551,657876
06-10-2023,4953.190587,4953.190587,4834.681632,4851.224609,279352
09-10-2023,4795.54877,4903.561583,4795.54877,4844.161621,244083
10-10-2023,4844.161659,4899.014558,4839.228195,4873.37793,307502
11-10-2023,4890.308202,4929.005003,4885.471102,4899.401855,575680
12-10-2023,4919.330198,4983.179912,4886.534758,4940.226563,472168
13-10-2023,4924.119383,4956.527952,4875.796568,4887.79248,387366
16-10-2023,4870.959667,4933.26142,4868.057407,4911.30127,158560
17-10-2023,4917.395832,4982.212972,4904.819372,4973.748047,318565
18-10-2023,4982.212866,5029.37459,4958.656095,4969.975098,360985
19-10-2023,5127.326062,5315.972964,5074.117962,5303.977051,2838352
20-10-2023,5272.439078,5330.484279,5259.765782,5310.458496,763919
23-10-2023,5275.389461,5314.424952,5219.279101,5229.291992,451167
25-10-2023,5209.556885,5247.238084,5158.57366,5173.084961,620266
26-10-2023,5160.073279,5173.230285,5065.411137,5088.000488,746266
27-10-2023,5093.466241,5246.995983,5093.466241,5198.479492,843465
30-10-2023,5212.459053,5221.891398,5103.140591,5135.936035,360967
31-10-2023,5166.022706,5191.320644,5120.167094,5140.917969,400987
01-11-2023,5132.162887,5271.955071,5132.162887,5170.230957,619765
02-11-2023,5208.492475,5217.151073,5112.814731,5145.126465,304362
03-11-2023,5182.468927,5201.865509,5143.385254,5194.029785,448715
06-11-2023,5204.719503,5250.671952,5201.91408,5230.694824,394137
07-11-2023,5230.694673,5267.601649,5229.194888,5242.44873,202689
08-11-2023,5256.960578,5258.169853,5205.92917,5221.746582,202145
09-11-2023,5245.157474,5277.276007,5206.799366,5242.352051,232773
10-11-2023,5233.694149,5250.236654,5174.777892,5216.376953,149325
13-11-2023,5257.927304,5262.57073,5219.762399,5248.446777,93497
15-11-2023,5344.99545,5374.01805,5283.177407,5356.314453,640468
16-11-2023,5340.158088,5401.395581,5317.859247,5370.05127,324712
17-11-2023,5375.855769,5490.059976,5300.832541,5448.025391,531539
20-11-2023,5427.274236,5491.02759,5423.356374,5466.067871,679425
21-11-2023,5456.732719,5521.404843,5456.249009,5500.702148,746193
22-11-2023,5494.945354,5577.079213,5476.854411,5564.164063,497403
23-11-2023,5611.035729,5751.311622,5594.686426,5732.205078,1118718
24-11-2023,5746.474984,5765.823384,5707.778182,5737.09082,297211
28-11-2023,5775.30353,5842.877909,5719.386845,5802.72998,380535
29-11-2023,5814.193903,5897.778892,5778.689402,5872.190918,406974
30-11-2023,5896.424837,5929.22028,5834.509957,5892.119629,501833
01-12-2023,5852.890834,5891.587633,5807.712132,5849.069336,439023
04-12-2023,5892.119813,6015.127646,5889.121189,5999.648926,359158
05-12-2023,5992.24769,5992.24769,5912.000484,5940.055664,565826
06-12-2023,5890.668261,5897.392019,5792.765646,5872.190918,699201
07-12-2023,5872.190925,5953.937911,5865.564004,5895.070313,427407
08-12-2023,5915.773323,5920.610423,5851.004365,5877.753906,233266
11-12-2023,5886.750513,5944.795711,5822.223412,5938.410645,175955
12-12-2023,5963.176521,6094.697451,5949.584459,6050.437988,810900
13-12-2023,6055.952582,6122.801401,6021.560989,6110.321777,373989
14-12-2023,6118.931756,6152.791457,6079.461207,6128.460938,419212
15-12-2023,6161.449527,6193.519404,6052.324273,6070.753906,553522
18-12-2023,6070.754337,6275.411854,6058.129222,6255.047852,851061
19-12-2023,6259.207562,6259.449417,6187.521644,6209.869141,377109
20-12-2023,6224.380061,6255.3375,6143.116784,6157.096191,385863
21-12-2023,6126.864763,6138.28013,6028.961666,6042.844238,397717
22-12-2023,6083.136954,6186.650894,6060.160729,6164.49707,237213
26-12-2023,6171.994382,6264.044298,6162.513383,6253.93457,302139
27-12-2023,6259.207686,6520.652953,6254.564258,6491.049805,1017894
28-12-2023,6491.049461,6519.104641,6448.821673,6484.90625,406228
29-12-2023,6510.688235,6611.299912,6448.821539,6575.79541,345626
01-01-2024,6549.433464,6574.102675,6464.348686,6482.77832,253274
02-01-2024,6492.355481,6517.314727,6347.194302,6447.902344,361379
03-01-2024,6427.586712,6829.840235,6388.84173,6758.879883,1256275
04-01-2024,6796.125709,6799.947207,6662.621745,6696.626465,619987
05-01-2024,6723.568668,6853.202942,6695.029779,6751.140137,659306
08-01-2024,6790.272453,6820.165635,6734.693988,6756.315918,312733
09-01-2024,7101.829837,7157.940194,6845.366714,6862.780273,2125908
10-01-2024,6892.867641,6907.33076,6791.288539,6823.938965,721432
11-01-2024,6859.007945,7086.254814,6844.496645,7061.053711,1031594
12-01-2024,7120.211277,7121.130515,7015.729916,7064.052734,434753
15-01-2024,7064.052734,7064.052734,7064.052734,7064.052734,0
16-01-2024,7099.89556,7116.486719,7007.990657,7056.313477,272181
17-01-2024,6880.290902,6975.09806,6850.300882,6932.483398,619338
18-01-2024,6915.11816,6955.024235,6840.771838,6852.816406,557084
19-01-2024,6906.217222,6946.075112,6873.518617,6904.040527,327976
23-01-2024,6844.496349,6975.098046,6710.556864,6864.715332,953921
24-01-2024,6844.593363,7001.218567,6799.22146,6977.855469,467134
25-01-2024,7120.210904,7376.722212,6975.09791,7349.973145,2065788
29-01-2024,7346.587436,7391.088756,7236.301557,7302.859863,457853
30-01-2024,7328.109789,7410.437327,7297.877913,7319.886719,266287
31-01-2024,7319.886288,7435.58981,7270.257833,7417.740723,336874
01-02-2024,7429.785619,7512.016319,7387.55783,7406.325684,394564
02-02-2024,7424.948225,7543.45717,7415.854572,7486.089355,197720
05-02-2024,7545.875924,7582.637884,7384.800496,7408.744141,252401
06-02-2024,7424.948368,7495.27999,7420.691814,7468.869141,131992
07-02-2024,7492.668065,7524.399253,7415.85501,7450.972168,159783
08-02-2024,7477.189427,7529.865637,7418.321824,7504.519043,282537
09-02-2024,7525.366552,7536.685555,7419.144024,7531.219727,173555
12-02-2024,7521.690182,7617.658431,7513.031584,7574.850098,219911
13-02-2024,7574.898757,7676.622877,7557.437014,7659.451172,258767
14-02-2024,7641.650486,7871.751425,7623.269506,7819.945801,513900
15-02-2024,7856.030495,7891.099468,7783.18349,7858.400391,394525
16-02-2024,7919.155241,8179.971772,7871.993515,8053.819824,938756
19-02-2024,8126.327939,8368.182938,8088.694924,8232.454102,1044959
20-02-2024,8227.906905,8227.906905,7970.283154,8024.942383,547082
21-02-2024,8029.585671,8103.931517,7937.680775,7964.042969,439817
22-02-2024,7990.888835,8271.440622,7952.192037,8221.570313,548486
23-02-2024,8220.651802,8253.060373,8127.34395,8162.074707,340749
26-02-2024,8183.212107,8269.457978,8102.1425,8172.76416,345968
27-02-2024,8184.373307,8213.395908,8110.365676,8187.759277,392445
28-02-2024,8194.047484,8210.155405,7808.869301,7921.86377,537728
29-02-2024,7736.844224,7878.184373,7632.943415,7651.663086,1042536
01-03-2024,7695.826098,7830.297478,7686.441935,7778.10498,399007
04-03-2024,7805.870393,7957.029774,7784.490316,7939.90625,410053
05-03-2024,7894.195301,8114.718877,7894.195301,8079.649902,615117
06-03-2024,8097.015367,8398.318515,8091.500884,8325.422852,959543
07-03-2024,8356.574102,8680.514316,8223.118322,8589.770508,1243547
11-03-2024,8729.465397,8730.964709,8348.833844,8377.276367,631957
12-03-2024,8355.558805,8416.506268,8199.126793,8249.868164,324864
13-03-2024,8249.8676,8336.451689,8026.635438,8111.720215,430048
14-03-2024,8059.092133,8126.327822,7934.826848,8110.413574,392634
15-03-2024,8111.622921,8157.381697,7845.776097,8078.634277,676870
18-03-2024,8071.184681,8268.683842,8023.974776,8244.15918,367524
19-03-2024,8223.069681,8404.84827,8167.491215,8358.702148,673456
20-03-2024,8358.508979,8497.817462,8283.050217,8354.251953,790885
21-03-2024,8327.744845,8484.273208,8305.300512,8465.504883,720691
22-03-2024,8416.601911,8755.150718,8399.14017,8653.813477,851210
26-03-2024,8653.813897,8726.128543,8562.682743,8668.615234,534067
27-03-2024,8667.11539,8985.202883,8635.867915,8863.985352,1034030
28-03-2024,8863.985615,8942.442997,8687.479649,8850.103516,847202
01-04-2024,8895.233722,8911.48619,8719.453309,8747.557617,419820
02-04-2024,8851.892512,9053.067679,8841.734602,8973.883789,803845
03-04-2024,8947.618655,8947.618655,8769.855245,8784.608398,453210
04-04-2024,8841.251514,8882.60872,8695.219274,8848.168945,617929
05-04-2024,8832.544816,8832.544816,8707.263923,8715.970703,356305
08-04-2024,8754.183402,8793.847622,8659.666281,8736.286133,376197
09-04-2024,8793.847164,8835.156184,8645.25184,8686.367188,237944
10-04-2024,8740.44645,8754.957751,8611.344056,8712.149414,319824
12-04-2024,8657.489557,8821.902771,8639.060396,8769.516602,480474
15-04-2024,8763.954002,8878.690579,8653.57176,8703.925781,386707
16-04-2024,8656.474142,8735.27069,8497.913627,8628.564453,487529
18-04-2024,8675.726082,8831.577064,8658.408886,8727.385742,819240
19-04-2024,8779.384707,8793.847825,8416.602206,8517.649414,1385007
22-04-2024,8594.559386,8594.559386,8460.088005,8509.18457,323734
23-04-2024,8556.829674,8572.792103,8475.566396,8509.232422,295346
24-04-2024,8532.547978,8580.047922,8397.205543,8413.748047,319824
25-04-2024,8413.651787,8484.273447,8359.863612,8450.317383,524667
26-04-2024,8462.312655,8701.894593,8449.978051,8681.916992,521344
29-04-2024,8681.916859,8696.911869,8444.608929,8474.695313,299443
30-04-2024,8512.715802,8673.887594,8508.458777,8613.569336,360403
02-05-2024,8652.604278,8848.458642,8538.545085,8813.825195,638239
03-05-2024,8871.241681,8956.954718,8769.033377,8808.939453,396042
06-05-2024,8822.869851,8886.477712,8523.501562,8757.617188,458431
07-05-2024,8760.132998,8779.287724,8360.974967,8395.173828,588285
08-05-2024,8369.150223,8499.122719,8312.846191,8464.344727,451581
09-05-2024,8513.295892,8713.987358,8500.090231,8558.619141,645689
10-05-2024,8658.409084,8753.168063,8616.326314,8689.172852,482797
13-05-2024,8728.933695,8730.964899,8581.498519,8699.330078,435605
14-05-2024,8660.585835,8792.880522,8593.350144,8769.904297,408162
15-05-2024,8773.53217,8827.707691,8588.125745,8613.085938,274392
16-05-2024,8658.408938,8663.77793,8426.22814,8582.804688,680474
17-05-2024,8601.331237,8666.486596,8479.920027,8494.625,323961
21-05-2024,8489.11098,8571.341685,8489.11098,8533.322266,417798
22-05-2024,8561.667047,8561.667047,8451.381167,8518.665039,302838
23-05-2024,8561.666912,8692.26861,8466.086006,8671.420898,731514
24-05-2024,8687.431736,8729.998217,8581.111899,8656.667969,455920
27-05-2024,8708.714758,8773.967425,8592.334322,8705.522461,301747
28-05-2024,8705.522856,8728.305409,8625.710703,8696.864258,259094
29-05-2024,8658.409283,8841.687197,8612.698686,8774.693359,339934
30-05-2024,8772.564935,8831.481193,8636.738783,8676.306641,305109
31-05-2024,8697.105513,8828.190918,8632.288375,8788.768555,560005
03-06-2024,8880.915161,9136.314028,8825.336696,9031.300781,438422
04-06-2024,8926.384665,9067.482499,8521.03567,8945.491211,738601
05-06-2024,8939.927747,9363.657684,8877.04545,9289.408203,489543
06-06-2024,9282.684942,9422.670805,9145.988685,9385.376953,570095
07-06-2024,9329.411148,9422.767178,9301.743314,9408.691406,246783
10-06-2024,9460.399423,9600.675312,9366.075981,9415.946289,201452
11-06-2024,9422.670334,9577.457526,9384.0699,9493.001953,457442
12-06-2024,9532.956482,9620.02428,9476.556086,9581.569336,277175
13-06-2024,9581.327378,9616.154497,9505.143055,9600.095703,277783
14-06-2024,9583.125908,9747.948651,9570.495809,9715.520508,320933
18-06-2024,9676.752758,9790.665561,9663.098803,9673.046875,206100
19-06-2024,9693.819975,9702.109876,9430.981353,9446.390625,279789
20-06-2024,9452.437848,9495.25313,9328.576972,9393.920898,324597
21-06-2024,9435.858051,9488.474731,9334.52582,9364.90625,334018
24-06-2024,9343.206632,9517.733631,9275.47307,9504.37207,283754
25-06-2024,9513.881078,9582.150855,9406.6,9421.180664,282048
26-06-2024,9421.132025,9421.521566,9208.129941,9240.460938,431217
27-06-2024,9328.235594,9328.235594,9134.154388,9184.673828,637626
28-06-2024,9231.048486,9288.297757,9150.343862,9266.792969,237516
01-07-2024,9270.060082,9454.339899,9270.060082,9296.783203,289355
02-07-2024,9284.688813,9296.782696,9149.221701,9168.874023,287884
03-07-2024,9239.826148,9318.775454,9152.635514,9189.501953,318120
04-07-2024,9245.58087,9264.208385,9187.502036,9227.000977,234656
05-07-2024,9286.639995,9421.22898,9258.649196,9397.626953,608628
08-07-2024,9401.723285,9427.227304,9235.92526,9293.857422,316215
09-07-2024,9328.57704,9328.57704,9246.848557,9298.44043,262913
10-07-2024,9313.948154,9411.476406,9218.321892,9306.584961,239607
11-07-2024,9306.584209,9332.965409,9151.075232,9232.803711,294900
12-07-2024,9265.135248,9318.190045,9179.358961,9197.645508,171581
15-07-2024,9197.644907,9497.788079,9171.507528,9434.248047,504086
16-07-2024,9474.868927,9665.00043,9395.530081,9478.135742,1041123
18-07-2024,9504.12802,9504.12802,9061.837403,9388.264648,1055384
19-07-2024,9396.846565,9435.857864,9109.138238,9154.049805,380782
22-07-2024,9118.891653,9201.790668,9034.23732,9177.116211,247040
23-07-2024,9201.790221,9272.985842,8528.454814,9150.587891,431989
24-07-2024,9128.64453,9141.030809,9021.363451,9031.311523,283213
25-07-2024,9031.116133,9079.831685,8944.315989,9048.915039,262328
26-07-2024,9088.657755,9270.060303,9039.357415,9258.259766,250956
29-07-2024,9313.167852,9383.241519,9273.961305,9321.40918,302363
30-07-2024,9314.581775,9415.376836,9276.886727,9327.942383,301885
31-07-2024,9362.711869,9440.734468,9343.254793,9425.325195,315292
01-08-2024,9600.680891,9600.680891,9423.179477,9489.986328,308658
02-08-2024,9474.674192,9489.498676,9344.913046,9378.511719,230615
05-08-2024,9163.949075,9284.688851,9137.713596,9250.602539,310757
06-08-2024,9280.057096,9382.217941,9167.655784,9194.378906,246541
07-08-2024,9333.453079,9484.621859,9262.745101,9468.237305,270583
08-08-2024,9494.375374,9536.020128,9372.611732,9402.991211,365016
09-08-2024,9519.732708,9533.386663,9376.366177,9524.560547,161640
12-08-2024,9500.226436,9509.930687,9377.340846,9470.821289,307698
13-08-2024,9460.240397,9547.86915,9411.476271,9432.541992,161706
14-08-2024,9464.141755,9543.139641,9432.54222,9508.614258,282934
16-08-2024,9546.065309,9679.679014,9454.340178,9643.740234,240190
19-08-2024,9681.580999,9698.209375,9518.074503,9529.144531,148301
20-08-2024,9530.656084,9632.524534,9513.929608,9537.970703,132844
21-08-2024,9537.384922,9625.063201,9494.375343,9608.483398,134985
22-08-2024,9655.296306,9763.552659,9597.851789,9669.145508,388874
23-08-2024,9723.566288,10186.19115,9684.554989,10149.22852,1229549
26-08-2024,10118.65342,10257.19307,10084.08042,10174.68359,309223
27-08-2024,10143.91333,10307.22457,10094.17392,10242.02637,262396
28-08-2024,10240.46626,10450.152,10202.72264,10393.3418,338792
29-08-2024,10320.48747,10581.81459,10294.49676,10540.70605,693506
30-08-2024,10567.18586,10651.40112,10440.39913,10622.33789,498560
02-09-2024,10655.9362,10878.39775,10642.42892,10851.08984,787108
03-09-2024,10831.43862,10843.87347,10742.73649,10770.67871,217394
04-09-2024,10739.81103,10757.21944,10639.25979,10692.70508,324246
05-09-2024,10692.99718,10743.5652,10557.96913,10587.42285,297298
06-09-2024,10587.42263,10644.18426,10529.39332,10562.40625,216847
09-09-2024,10562.40619,10632.91987,10513.54492,10579.47363,193055
10-09-2024,10526.61439,10762.92514,10513.59379,10716.16016,466892
11-09-2024,10794.18233,11217.01584,10715.03777,11138.45703,1283385
12-09-2024,11196.97478,11488.09661,11160.49883,11433.72461,1409151
13-09-2024,11433.72412,11599.96121,11399.49209,11447.03711,417878
16-09-2024,11443.96441,11461.32425,11352.33643,11399.44238,172602
17-09-2024,11391.29931,11676.9104,11355.311,11654.91797,444755
18-09-2024,11547.83222,11756.05503,11449.81633,11473.85742,446416
19-09-2024,11519.25649,11742.64475,11519.25649,11574.65234,500633
20-09-2024,11630.24384,11718.01927,11574.89656,11646.53125,772831
23-09-2024,11703.38973,12073.99707,11703.38973,12033.96191,735579
24-09-2024,11928.24095,12169.08715,11928.24095,12136.07422,503848
25-09-2024,12083.75049,12123.44468,12005.72789,12090.82129,262012
26-09-2024,12152.02001,12363.16867,12084.77409,12309.6748,641805
27-09-2024,12309.67447,12458.25837,12241.35517,12353.31836,480852
30-09-2024,12243.3059,12338.44547,11978.07859,12040.78906,479000
01-10-2024,12107.40059,12191.03107,11812.71861,11856.94824,670828
03-10-2024,11442.01405,11721.77345,11410.80501,11514.62402,670365
04-10-2024,11372.96405,11652.96726,11351.31258,11483.36621,650553
07-10-2024,11483.36654,11524.9132,11240.13071,11329.90527,341323
08-10-2024,11298.64745,11641.80021,11276.4112,11595.23047,359432
09-10-2024,11648.7738,11692.46626,11510.28368,11525.98535,193883
10-10-2024,11529.30153,11733.57463,11511.35595,11539.54199,251378
11-10-2024,11596.10908,11635.7547,11416.26661,11583.38184,200855
14-10-2024,11633.94954,11693.73417,11568.41037,11605.17871,177045
15-10-2024,11654.62533,11654.62533,11183.5639,11236.7168,476945
16-10-2024,11252.7127,11391.29997,11099.83716,11329.80859,504602
17-10-2024,10944.815,11008.35408,9822.06964,9869.322266,3668914
18-10-2024,9801.149887,9898.239068,9597.852063,9815.194336,1543331
21-10-2024,9814.267999,10562.16302,9637.157074,10240.9541,2110278
22-10-2024,10240.95428,10352.57556,10064.91578,10112.07031,1191148
23-10-2024,10111.72921,10469.75505,10086.81094,10325.07227,1323887
24-10-2024,10244.36707,10331.60628,9957.634028,10047.84766,653421
25-10-2024,10045.40948,10111.92394,9679.678556,9953.830078,644769
28-10-2024,9953.830288,10038.3389,9738.19571,9763.796875,340768
29-10-2024,9824.947427,9824.947427,9401.723392,9607.361328,1100706
30-10-2024,9577.274168,9809.147583,9528.510043,9694.942383,604822
31-10-2024,9694.307882,9782.961441,9562.644747,9593.170898,361801
01-11-2024,9660.172585,9704.060295,9595.608697,9631.84082,53757
04-11-2024,9651.882778,9651.882778,9133.520155,9290.101563,1125992
05-11-2024,9294.441804,9759.94393,9265.378577,9630.767578,1019901
06-11-2024,9639.107509,9805.490323,9605.362162,9772.818359,514045
07-11-2024,9821.679482,9830.652271,9547.967022,9613.018555,473407
08-11-2024,9613.018993,9744.096395,9535.581179,9665.44043,273163
11-11-2024,9606.581083,9784.912057,9557.768385,9674.167969,359768
12-11-2024,9655.296621,9751.849587,9423.179389,9439.466797,316606
13-11-2024,9439.466655,9469.992806,9183.356906,9218.516602,494123
14-11-2024,9177.408613,9281.71527,9167.655788,9248.555664,275791
18-11-2024,9225.245224,9365.637322,9202.61848,9281.275391,292519
19-11-2024,9323.700255,9458.874022,9265.622375,9309.753906,365397
21-11-2024,9239.339147,9317.849391,9181.650804,9270.060547,282212
22-11-2024,9309.071854,9365.541094,9210.665465,9247.288086,619823
25-11-2024,9323.700732,9398.16317,9159.853272,9188.087891,1090141
26-11-2024,9231.048299,9249.578666,8894.673005,8911.594727,750430
27-11-2024,8948.217294,9028.141889,8877.996951,8963.1875,461513
28-11-2024,8938.561433,9043.210009,8769.984231,8790.708984,687966
29-11-2024,8835.181506,8866.196252,8770.715713,8810.361328,423101
02-12-2024,8854.394301,8948.216665,8833.08476,8904.669922,298320
03-12-2024,8879.946919,8997.02939,8879.946919,8935.342773,398985
04-12-2024,8935.342994,9011.610276,8729.753634,8776.713867,456462
05-12-2024,8820.601267,8820.601267,8530.308061,8672.163086,1803653
06-12-2024,8732.582387,8922.811049,8709.369902,8874.973633,746013
09-12-2024,8871.169424,8944.31561,8803.290145,8853.078125,304202
10-12-2024,8850.785941,8870.097296,8758.036955,8790.513672,393944
11-12-2024,8821.478225,8883.262939,8790.854928,8845.665039,254311
12-12-2024,8870.194646,8870.194646,8722.926983,8741.701172,599056
13-12-2024,8742.579139,8827.282044,8683.671694,8798.414063,243931
16-12-2024,8839.960292,8854.345709,8748.28374,8775.932617,228470
17-12-2024,8767.594284,8767.789531,8632.61576,8675.137695,456493
18-12-2024,8606.867862,8783.637811,8582.4858,8735.361328,303382
19-12-2024,8604.917832,8780.468689,8545.961812,8760.62207,516640
20-12-2024,8728.778001,8842.642228,8542.889546,8570.050781,316335
23-12-2024,8631.201342,8655.583404,8504.366047,8551.71582,514460
24-12-2024,8528.84523,8635.151019,8515.191275,8561.078125,297827
26-12-2024,8592.239045,8678.698222,8580.145161,8659.045898,240675
27-12-2024,8676.356645,8952.264436,8676.356645,8707.614258,713799
30-12-2024,8707.321763,8740.920434,8521.579029,8562.882813,1065253
31-12-2024,8553.227419,8621.253373,8524.115618,8581.120117,294554
01-01-2025,8537.671196,8550.301294,8339.640284,8524.504883,558535
02-01-2025,8524.456393,8882.189811,8463.062171,8855.077148,734590
03-01-2025,8875.071074,8884.775326,8723.902281,8744.09082,337802
06-01-2025,8782.370326,8869.121894,8577.609575,8605.746094,238306
07-01-2025,8650.755806,8668.262317,8519.189815,8592.53125,270785
08-01-2025,8559.078793,8612.670755,8399.132471,8428.634766,415288
09-01-2025,8504.414552,8678.063405,8477.252364,8617.449219,612457
10-01-2025,8614.134255,8636.126686,8428.488657,8547.375977,350859
13-01-2025,8489.346795,8533.625003,8339.640926,8383.772461,341577
14-01-2025,8406.934834,8483.006866,8314.283,8398.352539,355464
15-01-2025,8410.739482,8581.511074,8349.686224,8365.973633,347402
16-01-2025,8407.910765,8426.343985,8338.37331,8369.826172,290855
17-01-2025,8354.122659,8452.382364,8320.426841,8369.289063,183057
20-01-2025,8387.429427,8396.791758,8253.523332,8333.204102,294136
21-01-2025,8370.313575,8396.011888,8204.173627,8259.228516,343149
22-01-2025,8271.175827,8323.987756,8187.496777,8251.71875,344305
23-01-2025,8230.555482,8292.046852,8168.625045,8192.324219,347894
24-01-2025,8206.417463,8280.099865,8153.361714,8193.835938,232317
27-01-2025,8170.965118,8210.854552,8085.432654,8177.353027,324406
28-01-2025,8218.169472,8279.173202,8154.678009,8190.812988,651069
29-01-2025,8212.024813,8589.312443,8212.024813,8412.639648,802600
30-01-2025,8445.897984,8606.185284,8389.867813,8531.576172,322587
31-01-2025,8582.486178,8738.434234,8527.918931,8629.104492,315913
01-02-2025,8668.21354,8951.142607,8588.629918,8929.295898,418755
03-02-2025,8923.835278,8923.835278,8666.896901,8705.908203,667412
04-02-2025,8728.778336,8835.718442,8658.167502,8691.132813,440468
05-02-2025,8709.272765,8746.3335,8675.137877,8707.126953,329075
06-02-2025,8701.469951,8740.140281,8593.2136,8627.689453,580590
07-02-2025,8670.797829,8802.900037,8632.27417,8767.205078,244178
10-02-2025,8767.204995,8845.617137,8627.202428,8661.044922,192650
11-02-2025,8611.744011,8658.021354,8516.702546,8545.424805,282926
12-02-2025,8516.166651,8601.406722,8433.26764,8496.270508,411042
13-02-2025,8499.635871,8560.103388,8437.608283,8476.521484,206920
14-02-2025,8484.95739,8507.096492,8211.781154,8296.240234,369356
17-02-2025,8284.048995,8340.663949,8175.451676,8326.132813,224417
18-02-2025,8299.750748,8338.664898,8183.058775,8237.820313,206278
19-02-2025,8231.433117,8316.917011,8197.298228,8269.908203,200819
20-02-2025,8250.840975,8426.44039,8250.792401,8416.882813,188845
21-02-2025,8338.665615,8401.083697,8241.137363,8295.801758,222132
24-02-2025,8241.625148,8278.637312,8135.416498,8238.163086,275998
25-02-2025,8241.137242,8258.789475,8158.286802,8209.831055,237383
27-02-2025,8153.458546,8205.978078,7981.12642,8028.866211,350992
28-02-2025,8031.207655,8031.207655,7691.370274,7707.560059,580155
03-03-2025,7738.818202,7800.601969,7489.779716,7524.109375,497052
04-03-2025,7462.959413,7490.1697,7136.190722,7152.039063,1078953
05-03-2025,7150.966663,7259.32017,7120.537658,7236.888672,749464
06-03-2025,7296.088304,7314.618672,7194.610352,7277.801758,917093
07-03-2025,7277.801717,7435.553658,7266.927412,7387.520996,942308
10-03-2025,7385.81454,7385.81454,7170.277103,7200.900879,495241
11-03-2025,7173.690562,7330.174833,7146.870293,7314.570313,412703
12-03-2025,7314.570002,7381.913067,7246.202605,7329.296387,529286
13-03-2025,7358.750151,7358.750151,7231.719608,7319.202637,454776
17-03-2025,7314.618565,7422.874919,7249.274639,7301.013184,286383
18-03-2025,7301.013184,7301.013184,7301.013184,7301.013184,0
19-03-2025,7484.317988,7575.6531,7430.921271,7530.985352,409356
20-03-2025,7543.761471,7755.397771,7531.131372,7724.237305,606109
21-03-2025,7772.026334,7949.527751,7741.792576,7868.433105,703280
24-03-2025,7917.148104,8010.921897,7870.52979,7924.706543,453508
25-03-2025,7958.305324,7966.05901,7755.446561,7808.111816,824076
26-03-2025,7816.255543,7848.53749,7714.484717,7779.92627,391366
27-03-2025,7705.70681,7840.393414,7658.161789,7777.194824,651971
28-03-2025,7773.391413,7826.544308,7617.68766,7684.104492,392400
01-04-2025,7442.380614,7849.073408,7442.380614,7795.481445,283618
02-04-2025,7765.198959,7883.988172,7748.619157,7873.406738,237191
03-04-2025,7743.791608,7743.791608,7646.214784,7716.630371,470005
04-04-2025,7685.226017,7694.832644,7463.10543,7495.143555,461228
07-04-2025,7119.562117,7175.689434,6914.118958,7126.193848,469629
08-04-2025,7201.973659,7343.731066,7164.181462,7312.716797,259199
09-04-2025,7339.439744,7442.673014,7276.094957,7385.131348,261256
11-04-2025,7528.692957,7587.648973,7447.598316,7576.823242,290737
15-04-2025,7802.259865,7841.271164,7634.998919,7797.871094,387999
16-04-2025,7801.284519,7801.77216,7670.109026,7764.711426,294161
17-04-2025,7796.408162,7855.900393,7670.10908,7819.814941,274331
21-04-2025,7812.01298,8070.462847,7753.496029,8043.642578,285132
22-04-2025,7983.662615,7984.150256,7875.406257,7939.774902,394636
23-04-2025,7910.51637,8089.480709,7851.99942,8057.296387,598686
24-04-2025,8055.833322,8122.152531,7967.082616,7998.779297,322100
25-04-2025,8021.698387,8055.345633,7768.124943,7835.419434,508224
28-04-2025,7835.419691,7933.435584,7773.976893,7895.887207,282481
29-04-2025,7935.38621,7967.570533,7821.765797,7878.819824,228383
30-04-2025,7860.77703,7877.844474,7780.316223,7831.518555,447067
02-05-2025,7802.259986,7886.134281,7610.129334,7627.196777,379515
05-05-2025,7674.98569,7767.637528,7655.967681,7724.725098,250175
06-05-2025,7733.990055,7845.172258,7714.484406,7749.106934,270568
07-05-2025,7719.848472,7780.803627,7618.419094,7654.992188,459640
08-05-2025,7656.455422,7674.98579,7480.416927,7533.569824,461725
09-05-2025,7431.652753,7552.100143,7423.850493,7492.60791,248982
12-05-2025,7607.203532,7849.561234,7585.747317,7840.783691,296774
13-05-2025,7840.783498,7908.565631,7753.495716,7863.702637,407395
14-05-2025,7890.035531,8005.118868,7833.469145,7902.226563,225717
15-05-2025,7933.92319,8159.213449,7877.356804,8120.202148,497959
16-05-2025,8143.60905,8285.025016,8075.339274,8272.833984,483122
19-05-2025,8289.901421,8642.466052,8282.099161,8632.225586,858221
20-05-2025,8631.250445,8631.250445,8315.746544,8353.294922,449936
21-05-2025,8395.231644,8548.350994,8324.523664,8472.766602,572628
22-05-2025,8445.946618,8558.591749,8302.092446,8517.629883,916615
23-05-2025,8548.351116,8619.546738,8498.611708,8524.944336,321989
26-05-2025,8567.369203,8756.57401,8553.227606,8737.068359,440577
27-05-2025,8723.901946,8781.931255,8680.501875,8741.457031,401273
28-05-2025,8767.78924,8784.369041,8558.103513,8630.274414,312080
29-05-2025,8686.841212,8719.025535,8584.43655,8655.144531,330341
30-05-2025,8569.807693,8645.879732,8372.80062,8394.256836,1434828
02-06-2025,8408.397891,8408.397891,8207.002059,8303.067383,457251
03-06-2025,8302.579627,8387.429201,8280.14813,8351.34375,566074
04-06-2025,8339.153358,8426.928787,8316.234219,8351.832031,431009
05-06-2025,8401.08295,8401.08295,8299.165935,8345.979492,381642
06-06-2025,8395.231457,8470.328207,8329.887532,8423.514648,435024
09-06-2025,8465.452033,8489.834095,8386.941792,8427.416016,443544
10-06-2025,8431.317477,8449.847846,8362.072418,8412.787109,350288
11-06-2025,8422.052191,8553.22769,8397.182487,8503.488281,462124
12-06-2025,8516.65437,8539.573508,8328.91249,8355.245117,368162
13-06-2025,8250.890222,8275.759927,8143.609144,8254.303711,250910
16-06-2025,8276.734729,8382.552877,8242.112201,8318.671875,203598
17-06-2025,8280.148338,8342.566418,8246.013451,8284.537109,286217
18-06-2025,8294.777836,8443.50842,8231.872114,8258.692383,561114
19-06-2025,8270.39548,8343.541667,8242.599929,8286,332303
